{
	"folders": {},
	"connections": {
		"oracle_thin-18519f22b95-337a2429af84768d": {
			"provider": "oracle",
			"driver": "oracle_thin",
			"name": "gd1class.iptime.org",
			"save-password": true,
			"configuration": {
				"host": "gd1class.iptime.org",
				"port": "8877",
				"database": "xe",
				"url": "jdbc:oracle:thin:@//gd1class.iptime.org:8877/xe",
				"home": "C:\\app\\Str\\product\\18.0.0\\dbhomeXE",
				"type": "dev",
				"provider-properties": {
					"show-only-one-schema@": "false",
					"@dbeaver-check-schema-content@": "false",
					"@dbeaver-always-show-dba@": "false",
					"@dbeaver-always-use-dba-views@": "false",
					"@dbeaver-meta-use-sys-schema@": "false",
					"@dbeaver-meta-use-simple-constraints@": "false",
					"@dbeaver-use-rule-hint@": "false",
					"@dbeaver-use-meta-optimizer@": "true",
					"@dbeaver-meta-use-alternative-table-query@": "false",
					"oracle.meta-search-in-synonyms": "false",
					"oracle.show-date-as-date": "false",
					"@dbeaver-connection-type@": "BASIC",
					"@dbeaver-sid-service@": "SERVICE"
				},
				"auth-model": "oracle_native",
				"handlers": {}
			}
		}
	},
	"connection-types": {
		"dev": {
			"name": "Development",
			"color": "255,255,255",
			"description": "Regular development database",
			"auto-commit": true,
			"confirm-execute": false,
			"confirm-data-change": false,
			"auto-close-transactions": false
		}
	}
}